<ImportExportXml version="9.1.0.2640" SolutionPackageVersion="9.1" languagecode="1033" generatedBy="CrmLive" xmlns:xsi="http://www.w3.org/2001/XMLSchema-instance">
  <SolutionManifest>
    <UniqueName>nor_crp</UniqueName>
    <LocalizedNames>
      <LocalizedName description="NOR Customer Risk Profile" languagecode="1033" />
    </LocalizedNames>
    <Descriptions />
    <Version>2019.03.03.2</Version>
    <Managed>1</Managed>
    <Publisher>
      <UniqueName>jakubmalecki</UniqueName>
      <LocalizedNames>
        <LocalizedName description="Jakub Malecki" languagecode="1033" />
      </LocalizedNames>
      <Descriptions />
      <EMailAddress>jrm@vp.pl</EMailAddress>
      <SupportingWebsiteUrl xsi:nil="true"></SupportingWebsiteUrl>
      <CustomizationPrefix>jrm</CustomizationPrefix>
      <CustomizationOptionValuePrefix>90000</CustomizationOptionValuePrefix>
      <Addresses>
        <Address>
          <AddressNumber>1</AddressNumber>
          <AddressTypeCode>1</AddressTypeCode>
          <City xsi:nil="true"></City>
          <County xsi:nil="true"></County>
          <Country xsi:nil="true"></Country>
          <Fax xsi:nil="true"></Fax>
          <FreightTermsCode xsi:nil="true"></FreightTermsCode>
          <ImportSequenceNumber xsi:nil="true"></ImportSequenceNumber>
          <Latitude xsi:nil="true"></Latitude>
          <Line1 xsi:nil="true"></Line1>
          <Line2 xsi:nil="true"></Line2>
          <Line3 xsi:nil="true"></Line3>
          <Longitude xsi:nil="true"></Longitude>
          <Name xsi:nil="true"></Name>
          <PostalCode xsi:nil="true"></PostalCode>
          <PostOfficeBox xsi:nil="true"></PostOfficeBox>
          <PrimaryContactName xsi:nil="true"></PrimaryContactName>
          <ShippingMethodCode>1</ShippingMethodCode>
          <StateOrProvince xsi:nil="true"></StateOrProvince>
          <Telephone1>+48667844894</Telephone1>
          <Telephone2 xsi:nil="true"></Telephone2>
          <Telephone3 xsi:nil="true"></Telephone3>
          <TimeZoneRuleVersionNumber xsi:nil="true"></TimeZoneRuleVersionNumber>
          <UPSZone xsi:nil="true"></UPSZone>
          <UTCOffset xsi:nil="true"></UTCOffset>
          <UTCConversionTimeZoneCode xsi:nil="true"></UTCConversionTimeZoneCode>
        </Address>
        <Address>
          <AddressNumber>2</AddressNumber>
          <AddressTypeCode>1</AddressTypeCode>
          <City xsi:nil="true"></City>
          <County xsi:nil="true"></County>
          <Country xsi:nil="true"></Country>
          <Fax xsi:nil="true"></Fax>
          <FreightTermsCode xsi:nil="true"></FreightTermsCode>
          <ImportSequenceNumber xsi:nil="true"></ImportSequenceNumber>
          <Latitude xsi:nil="true"></Latitude>
          <Line1 xsi:nil="true"></Line1>
          <Line2 xsi:nil="true"></Line2>
          <Line3 xsi:nil="true"></Line3>
          <Longitude xsi:nil="true"></Longitude>
          <Name xsi:nil="true"></Name>
          <PostalCode xsi:nil="true"></PostalCode>
          <PostOfficeBox xsi:nil="true"></PostOfficeBox>
          <PrimaryContactName xsi:nil="true"></PrimaryContactName>
          <ShippingMethodCode>1</ShippingMethodCode>
          <StateOrProvince xsi:nil="true"></StateOrProvince>
          <Telephone1 xsi:nil="true"></Telephone1>
          <Telephone2 xsi:nil="true"></Telephone2>
          <Telephone3 xsi:nil="true"></Telephone3>
          <TimeZoneRuleVersionNumber xsi:nil="true"></TimeZoneRuleVersionNumber>
          <UPSZone xsi:nil="true"></UPSZone>
          <UTCOffset xsi:nil="true"></UTCOffset>
          <UTCConversionTimeZoneCode xsi:nil="true"></UTCConversionTimeZoneCode>
        </Address>
      </Addresses>
    </Publisher>
    <RootComponents>
      <RootComponent type="1" schemaName="account" behavior="1" />
      <RootComponent type="1" schemaName="systemuser" behavior="1" />
      <RootComponent type="9" schemaName="jrm_expfininstruments" behavior="0" />
      <RootComponent type="9" schemaName="jrm_investhorizion" behavior="0" />
      <RootComponent type="9" schemaName="jrm_invobjectiv" behavior="0" />
      <RootComponent type="9" schemaName="jrm_purposetradingfi" behavior="0" />
      <RootComponent type="29" id="{40d8e3bb-05e6-4d5d-a8f4-2a7c4a56f742}" behavior="0" />
      <RootComponent type="29" id="{8a2173e2-ec3a-e911-a824-000d3ab4ee72}" behavior="0" />
      <RootComponent type="29" id="{e0f84df0-e61b-4edf-8b9d-4f13c8d9d85a}" behavior="0" />
      <RootComponent type="29" id="{e8d82c78-8971-42c8-ab8f-a43baaecc48c}" behavior="0" />
      <RootComponent type="60" id="{6b7ee47c-f5a2-4672-afbb-e74d49e3e715}" behavior="0" />
    </RootComponents>
    <MissingDependencies>
      <MissingDependency>
        <Required key="0" type="10" schemaName="msdyn_account_account_BillingAccount" displayName="msdyn_account_account_BillingAccount" parentSchemaName="account" parentDisplayName="Account" solution="FieldService (8.4.0.338)" />
        <Dependent key="1" type="2" schemaName="msdyn_billingaccountname" parentSchemaName="account" parentDisplayName="Account" />
      </MissingDependency>
      <MissingDependency>
        <Required key="2" type="10" schemaName="msdyn_account_msdyn_customerasset_Account" displayName="msdyn_account_msdyn_customerasset_Account" parentSchemaName="msdyn_customerasset" parentDisplayName="Customer Asset" solution="FieldService (8.4.0.338)" />
        <Dependent key="3" type="60" displayName="Customer Risk Profile" parentDisplayName="Account" id="{6b7ee47c-f5a2-4672-afbb-e74d49e3e715}" />
      </MissingDependency>
      <MissingDependency>
        <Required key="4" type="10" schemaName="msdyn_account_msdyn_rtv_Vendor" displayName="msdyn_account_msdyn_rtv_Vendor" parentSchemaName="msdyn_rtv" parentDisplayName="RTV" solution="FieldService (8.4.0.338)" />
        <Dependent key="3" type="60" displayName="Customer Risk Profile" parentDisplayName="Account" id="{6b7ee47c-f5a2-4672-afbb-e74d49e3e715}" />
      </MissingDependency>
      <MissingDependency>
        <Required key="5" type="10" schemaName="msdyn_account_msdyn_payment_Account" displayName="msdyn_account_msdyn_payment_Account" parentSchemaName="msdyn_payment" parentDisplayName="Payment" solution="FieldService (8.4.0.338)" />
        <Dependent key="3" type="60" displayName="Customer Risk Profile" parentDisplayName="Account" id="{6b7ee47c-f5a2-4672-afbb-e74d49e3e715}" />
      </MissingDependency>
      <MissingDependency>
        <Required key="0" type="10" schemaName="msdyn_account_account_BillingAccount" displayName="msdyn_account_account_BillingAccount" parentSchemaName="account" parentDisplayName="Account" solution="FieldService (8.4.0.338)" />
        <Dependent key="3" type="60" displayName="Customer Risk Profile" parentDisplayName="Account" id="{6b7ee47c-f5a2-4672-afbb-e74d49e3e715}" />
      </MissingDependency>
      <MissingDependency>
        <Required key="6" type="10" schemaName="msdyn_account_msdyn_workorder_BillingAccount" displayName="msdyn_account_msdyn_workorder_BillingAccount" parentSchemaName="msdyn_workorder" parentDisplayName="Work Order" solution="FieldService (8.4.0.338)" />
        <Dependent key="3" type="60" displayName="Customer Risk Profile" parentDisplayName="Account" id="{6b7ee47c-f5a2-4672-afbb-e74d49e3e715}" />
      </MissingDependency>
      <MissingDependency>
        <Required key="7" type="10" schemaName="msdyn_account_msdyn_agreement_BillingAccount" displayName="msdyn_account_msdyn_agreement_BillingAccount" parentSchemaName="msdyn_agreement" parentDisplayName="Agreement" solution="FieldService (8.4.0.338)" />
        <Dependent key="3" type="60" displayName="Customer Risk Profile" parentDisplayName="Account" id="{6b7ee47c-f5a2-4672-afbb-e74d49e3e715}" />
      </MissingDependency>
      <MissingDependency>
        <Required key="8" type="10" schemaName="msdyn_account_msdyn_rma_BillingAccount" displayName="msdyn_account_msdyn_rma_BillingAccount" parentSchemaName="msdyn_rma" parentDisplayName="RMA" solution="FieldService (8.4.0.338)" />
        <Dependent key="3" type="60" displayName="Customer Risk Profile" parentDisplayName="Account" id="{6b7ee47c-f5a2-4672-afbb-e74d49e3e715}" />
      </MissingDependency>
      <MissingDependency>
        <Required key="9" type="10" schemaName="msdyn_account_msdyn_purchaseorder_Vendor" displayName="msdyn_account_msdyn_purchaseorder_Vendor" parentSchemaName="msdyn_purchaseorder" parentDisplayName="Purchase Order" solution="FieldService (8.4.0.338)" />
        <Dependent key="3" type="60" displayName="Customer Risk Profile" parentDisplayName="Account" id="{6b7ee47c-f5a2-4672-afbb-e74d49e3e715}" />
      </MissingDependency>
      <MissingDependency>
        <Required key="10" type="10" schemaName="msdyn_account_msdyn_rma_ServiceAccount" displayName="msdyn_account_msdyn_rma_ServiceAccount" parentSchemaName="msdyn_rma" parentDisplayName="RMA" solution="FieldService (8.4.0.338)" />
        <Dependent key="3" type="60" displayName="Customer Risk Profile" parentDisplayName="Account" id="{6b7ee47c-f5a2-4672-afbb-e74d49e3e715}" />
      </MissingDependency>
      <MissingDependency>
        <Required key="11" type="10" schemaName="msdyn_account_msdyn_workorder_ServiceAccount" displayName="msdyn_account_msdyn_workorder_ServiceAccount" parentSchemaName="msdyn_workorder" parentDisplayName="Work Order" solution="FieldService (8.4.0.338)" />
        <Dependent key="3" type="60" displayName="Customer Risk Profile" parentDisplayName="Account" id="{6b7ee47c-f5a2-4672-afbb-e74d49e3e715}" />
      </MissingDependency>
      <MissingDependency>
        <Required key="12" type="10" schemaName="msdyn_account_msdyn_project_Customer" displayName="msdyn_account_msdyn_project_Customer" parentSchemaName="msdyn_project" parentDisplayName="Project" solution="ProjectService (3.4.0.37)" />
        <Dependent key="3" type="60" displayName="Customer Risk Profile" parentDisplayName="Account" id="{6b7ee47c-f5a2-4672-afbb-e74d49e3e715}" />
      </MissingDependency>
      <MissingDependency>
        <Required key="13" type="10" schemaName="msdyn_account_msdyn_agreement_ServiceAccount" displayName="msdyn_account_msdyn_agreement_ServiceAccount" parentSchemaName="msdyn_agreement" parentDisplayName="Agreement" solution="FieldService (8.4.0.338)" />
        <Dependent key="3" type="60" displayName="Customer Risk Profile" parentDisplayName="Account" id="{6b7ee47c-f5a2-4672-afbb-e74d49e3e715}" />
      </MissingDependency>
      <MissingDependency>
        <Required key="14" type="10" schemaName="msdyn_account_msdyn_accountpricelist_Account" displayName="msdyn_account_msdyn_accountpricelist_Account" parentSchemaName="msdyn_accountpricelist" parentDisplayName="Account Project Price List" solution="ProjectService (3.4.0.37)" />
        <Dependent key="3" type="60" displayName="Customer Risk Profile" parentDisplayName="Account" id="{6b7ee47c-f5a2-4672-afbb-e74d49e3e715}" />
      </MissingDependency>
    </MissingDependencies>
  </SolutionManifest>
</ImportExportXml>